{"cameraMode":{"drawMode":0,"name":"Shaded","section":"Shading Mode"},"sceneLighting":true,"audioPlay":false,"sceneViewState":{"m_AlwaysRefresh":true,"showFog":false,"showSkybox":true,"showFlares":true,"showImageEffects":true,"showParticleSystems":true,"showVisualEffectGraphs":true,"m_FxEnabled":true},"in2DMode":false,"pivot":{"x":502.21527099609377,"y":-12.962499618530274,"z":851.9097290039063},"rotation":{"x":-0.056765321642160419,"y":-0.9280306100845337,"z":0.33226147294044497,"w":-0.15854798257350923},"size":130.795654296875,"orthographic":false}