{"cameraMode":{"drawMode":0,"name":"Shaded","section":"Shading Mode"},"sceneLighting":true,"audioPlay":false,"sceneViewState":{"m_AlwaysRefresh":true,"showFog":false,"showSkybox":true,"showFlares":true,"showImageEffects":true,"showParticleSystems":true,"showVisualEffectGraphs":true,"m_FxEnabled":true},"in2DMode":false,"pivot":{"x":283.1893005371094,"y":137.90054321289063,"z":253.44439697265626},"rotation":{"x":-0.09623134881258011,"y":-0.4989706575870514,"z":0.056081391870975497,"w":-0.8594929575920105},"size":12.143837928771973,"orthographic":false}